benchmark,endpoint,change,minci,maxci
ab-main-main,GET /destinations,-1.5055173970866642,-2.666348838410215,-0.3984934618129543
ab-main-main,GET /flights/${id}/seats,-2.2031067585281727,-8.607233202133212,4.3728129473042054
ab-main-main,GET /flights?from=${airport},-2.8388137014125014,-3.8630863538659743,-1.7678757495143138
ab-main-main,POST /bookings,-3.32436739634826,-12.020672351876648,6.322179119971749
